{
//开关 "false"为开  "true"为关   
//toggle "false" is on and "true" is off
    "$welcome_anims": false,
    //水印
    "$hud_logo": "Sub.\nAuthor:Null",
//欢迎动画文字
//Welcome animated text
    "$welcome_title": "Sub UI",
    //标题 可改为XXX Client  //The title can be changed to XXX Client
    "$welcome_text": "Welcome",
    //欢迎内容 //Welcome content
    
//UI文字 网易改unicode
    "$font_type": "OldSmoothFont",
    
 //setting大小
    "$setting_size": [ "75%", "75%" ]
}