{
    "namespace": "hud",
    "Touch_detection": {
        "type": "image",
        "anchor_from": "bottom_left",
        "anchor_to": "bottom_left",
        "size": [
            "15%",
            "7%"
        ],
        "texture": "textures/ui/Black",
        "alpha": 0,
        "controls": [
            {
                "Title": {
                    "type": "stack_panel",
                    "orientation": "horizontal",
                    "controls": [
                        {
                            "label": {
                                "type": "label",
                                "text": "operate",
                                "font_type": "$font_type"
                            }
                        },
                        {
                            "keyhboard": {
                                "type": "label",
                                "text": "Peripherals",
                                "font_type": "$font_type",
                                "color": [
                                    0,
                                    1,
                                    0
                                ],
                                "bindings": [
                                    {
                                        "binding_name": "(not #hotbar_elipses_right_visible)",
                                        "binding_name_override": "#visible",
                                        "binding_type": "global"
                                    }
                                ]
                            }
                        },
                        {
                            "触碰": {
                                "type": "label",
                                "text": "Touch",
                                "font_type": "$font_type",
                                "color": [
                                    0,
                                    1,
                                    0
                                ],
                                "bindings": [
                                    {
                                        "binding_name": "#inventory_touch_button",
                                        "binding_name_override": "#visible",
                                        "binding_type": "global"
                                    }
                                ]
                            }
                        }
                    ]
                }
            }
        ]
    },
    "start_cap_image@start_cap_image": {
        "ignored": true,
        "animation_reset_name": "screen_animation_reset"
    },
    "hud_title_text": {
        "type": "stack_panel",
        "orientation": "vertical",
        "offset": "@hud.title_offset",
        "layer": 1,
        "anchor_from": "top_middle",
        "anchor_to": "top_middle",
        "alpha": "@hud.anim_title_text_alpha_in",
        "propagate_alpha": true,
        "controls": [
            {
                "title_frame": {
                    "type": "panel",
                    "size": [
                        "100%",
                        "100%cm"
                    ],
                    "controls": [
                        {
                            "title_background": {
                                "type": "image",
                                "size": [
                                    "100%sm + 30px",
                                    "100%sm + 6px"
                                ],
                                "texture": "textures/ui/hud_tip_text_background",
                                "alpha": "@hud.anim_title_background_alpha_in"
                            }
                        },
                        {
                            "title": {
                                "type": "label",
                                "anchor_from": "top_middle",
                                "anchor_to": "top_middle",
                                "color": "$title_command_text_color",
                                "text": "#text",
                                "font_type": "$font_type",
                                "layer": 31,
                                "localize": false,
                                "font_size": "large",
                                "variables": [
                                    {
                                        "requires": "(not $title_shadow)",
                                        "$show_shadow": false
                                    },
                                    {
                                        "requires": "$title_shadow",
                                        "$show_shadow": true
                                    }
                                ],
                                "text_alignment": "center",
                                "offset": "@hud.title_offset",
                                "animation_reset_name": "screen_animation_reset",
                                "bindings": [
                                    {
                                        "binding_name": "#hud_title_text_string",
                                        "binding_name_override": "#text",
                                        "binding_type": "global"
                                    }
                                ]
                            }
                        }
                    ]
                }
            },
            {
                "subtitle_frame": {
                    "type": "panel",
                    "size": [
                        "100%",
                        "100%cm"
                    ],
                    "controls": [
                        {
                            "subtitle_background": {
                                "type": "image",
                                "size": [
                                    "100%sm + 20px",
                                    "100%sm + 5px"
                                ],
                                "offset": [
                                    0,
                                    16
                                ],
                                "texture": "textures/ui/hud_tip_text_background",
                                "variables": [
                                    {
                                        "requires": "$subtitle_initially_visible",
                                        "$subtitle_bg": "@hud.anim_title_background_alpha_in"
                                    },
                                    {
                                        "requires": "(not $subtitle_initially_visible)",
                                        "$subtitle_bg": "@hud.anim_subtitle_background_alpha_in"
                                    }
                                ],
                                "alpha": "$subtitle_bg"
                            }
                        },
                        {
                            "subtitle": {
                                "type": "label",
                                "anchor_from": "top_middle",
                                "anchor_to": "top_middle",
                                "color": "$title_command_text_color",
                                "text": "#text",
                                "font_type": "$font_type",
                                "layer": 31,
                                "localize": false,
                                "offset": "@hud.title_offset",
                                "font_size": "normal",
                                "variables": [
                                    {
                                        "requires": "$subtitle_initially_visible",
                                        "$anim_type": 1.0
                                    },
                                    {
                                        "requires": "(not $subtitle_initially_visible)",
                                        "$anim_type": "@hud.anim_title_text_alpha_in"
                                    },
                                    {
                                        "requires": "(not $title_shadow)",
                                        "$show_shadow": false
                                    },
                                    {
                                        "requires": "$title_shadow",
                                        "$show_shadow": true
                                    }
                                ],
                                "alpha": "$anim_type",
                                "text_alignment": "center",
                                "bindings": [
                                    {
                                        "binding_name": "#hud_subtitle_text_string",
                                        "binding_name_override": "#text",
                                        "binding_type": "global"
                                    }
                                ]
                            }
                        }
                    ]
                }
            }
        ]
    },
    "title_offset": {
        "anim_type": "offset",
        "easing": "out_cubic",
        "duration": 0.6,
        "from": [
            0,
            "-100%"
        ],
        "to": [
            0,
            "15%"
        ],
        "next": "@hud.title_wait"
    },
    "title_wait": {
        "anim_type": "wait",
        "duration": "$title_stay_time",
        "next": "@hud.title_end"
    },
    "title_end": {
        "anim_type": "offset",
        "easing": "out_cubic",
        "duration": "$title_fade_out_time",
        "from": [
            0,
            "15%"
        ],
        "to": [
            0,
            "100%"
        ]
    },
    "item_name_text_root": {
        "type": "panel",
        "size": [
            "100%cm",
            "100%cm"
        ],
        "layer": 10,
        "$show_interact_padding|default": false,
        "$show_survival_padding|default": false,
        "$show_text_background|default": false,
        "$text_color|default": "$tool_tip_text",
        "$text_binding|default": "#item_text",
        "anchor_from": "bottom_middle",
        "anchor_to": "bottom_middle",
        "$wait_duration|default": 1,
        "$destroy_id|default": "item_name_text",
        "controls": [
            {
                "item_text_aligner": {
                    "type": "stack_panel",
                    "size": [
                        "100%cm",
                        "100%c"
                    ],
                    "controls": [
                        {
                            "item_text_control": {
                                "type": "panel",
                                "size": [
                                    "100%cm",
                                    "100%cm"
                                ],
                                "controls": [
                                    {
                                        "item_text_background": {
                                            "ignored": "(not $show_text_background)",
                                            "type": "image",
                                            "size": [
                                                "100%sm + 12px",
                                                "100%sm + 5px"
                                            ],
                                            "texture": "textures/ui/hud_tip_text_background",
                                            "offset": "@hud.item_text_offset",
                                            "alpha": 0,
                                            "controls": [
                                                {
                                                    "White background": {
                                                        "type": "image",
                                                        "offset": "@hud.item_background_offset2",
                                                        "size": "@hud.item_name_background_size",
                                                        "texture": "textures/ui/White",
                                                        "alpha": "@hud.anim_item_name_background_alpha_in"
                                                    }
                                                }
                                            ]
                                        }
                                    },
                                    {
                                        "item_text_label": {
                                            "type": "label",
                                            "max_size": [
                                                200,
                                                "default"
                                            ],
                                            "text_alignment": "center",
                                            "layer": 31,
                                            "color": "$text_color",
                                            "text": "#text",
                                            "font_type": "$font_type",
                                            "offset": "@hud.item_text_offset",
                                            "alpha": "@hud.anim_item_name_text_alpha_in",
                                            "bindings": [
                                                {
                                                    "binding_name": "$text_binding",
                                                    "binding_name_override": "#text"
                                                }
                                            ]
                                        }
                                    }
                                ]
                            }
                        },
                        {
                            "interact_padding@common.empty_panel": {
                                "visible": "$show_interact_padding",
                                "size": [
                                    "100%sm",
                                    18
                                ],
                                "bindings": [
                                    {
                                        "binding_name": "#interact_visible",
                                        "binding_name_override": "#visible",
                                        "binding_condition": "always"
                                    }
                                ]
                            }
                        },
                        {
                            "survival_buffer@common.empty_panel": {
                                "visible": "$show_survival_padding",
                                "size": [
                                    "100%sm",
                                    17
                                ],
                                "bindings": [
                                    {
                                        "binding_name": "#show_survival_ui",
                                        "binding_name_override": "#visible"
                                    }
                                ]
                            }
                        },
                        {
                            "armor_buffer@common.empty_panel": {
                                "visible": false,
                                "size": [
                                    "100%sm",
                                    8
                                ],
                                "bindings": [
                                    {
                                        "binding_name": "#is_in_classic_ui_mode_with_visible_armor",
                                        "binding_name_override": "#visible"
                                    }
                                ]
                            }
                        }
                    ]
                }
            }
        ]
    },
    "item_name_background_size": {
        "anim_type": "size",
        "duration": 2,
        "from": [
            1,
            2
        ],
        "to": [
            "100%",
            2
        ],
        "next": "@hud.item_name_background_size1"
    },
    "item_name_background_size1": {
        "anim_type": "wait",
        "duration": 4,
        "next": "@hud.item_name_background_size2"
    },
    "item_name_background_size2": {
        "anim_type": "size",
        "duration": 1,
        "from": [
            "100%",
            2
        ],
        "to": [
            1,
            2
        ],
        "destroy_at_end": "@hud.item_name_text_root"
    },
    "anim_item_name_background_alpha_in": {
        "anim_type": "alpha",
        "duration": 0,
        "from": 0,
        "to": 1,
        "next": "@hud.anim_item_name_background_alpha_stay"
    },
    "anim_item_name_background_alpha_stay": {
        "anim_type": "wait",
        "duration": 5,
        "next": "@hud.anim_item_name_background_alpha_out"
    },
    "anim_item_name_background_alpha_out": {
        "anim_type": "alpha",
        "easing": "in_expo",
        "duration": 2,
        "from": 1,
        "to": 0
    },
    "anim_item_name_text_alpha_in": {
        "anim_type": "alpha",
        "duration": 0,
        "from": 0,
        "to": 1,
        "next": "@hud.anim_item_name_text_alpha_stay"
    },
    "anim_item_name_text_alpha_stay": {
        "anim_type": "wait",
        "duration": 5,
        "next": "@hud.anim_item_name_text_alpha_out"
    },
    "anim_item_name_text_alpha_out": {
        "anim_type": "alpha",
        "easing": "in_expo",
        "duration": 2,
        "from": 1,
        "to": 0
    },
    "item_background_offset": {
        "anim_type": "offset",
        "easing": "out_cubic",
        "duration": 0.75,
        "from": [
            0,
            -50
        ],
        "to": [
            0,
            -10
        ]
    },
    "item_background_offset2": {
        "anim_type": "offset",
        "easing": "out_cubic",
        "duration": 1.5,
        "from": [
            0,
            30
        ],
        "to": [
            0,
            9
        ]
    },
    "item_text_offset": {
        "anim_type": "offset",
        "easing": "out_cubic",
        "duration": 0.75,
        "from": [
            0,
            -60
        ],
        "to": [
            0,
            -19
        ]
    },
    "hidehud_button@common.button": {
        "$pressed_button_name": "button.hide_gui_all",
        "anchor_from": "bottom_middle",
        "anchor_to": "bottom_middle",
        "offset": [
            -100,
            0
        ],
        "$b": "H",
        "animation_reset_name": "screen_animation_reset",
        "size": [
            20,
            20
        ],
        "layer": 1,
        "controls": [
            {
                "default@hud.hud_button": {}
            },
            {
                "hover@hud.hover": {}
            },
            {
                "pressed@hud.hover": {}
            }
        ],
        "bindings": [
            {
                "binding_name": "#inventory_touch_button",
                "binding_name_override": "#visible",
                "binding_type": "global"
            }
        ]
    },
    "Black_background": {
        "type": "image",
        "texture": "textures/ui/black",
        "size": [
            "100%",
            "9%"
        ],
        "alpha": 0.4,
        "layer": -114514,
        "clips_children": true,
        "anchor_from": "bottom_right",
        "anchor_to": "bottom_right",
        "controls": [
            {
                "compass_and_clock@hud.compass_and_clock": {
                    "offset": [
                        "18%",
                        0
                    ]
                }
            },
            {
                "white@hud.white": {
                    "size": [
                        "100%",
                        "3%"
                    ],
                    "layer": 114514,
                    "anchor_from": "top_middle",
                    "anchor_to": "top_middle"
                }
            }
        ]
    },
    "compass_and_clock": {
        "type": "image",
        "alpha": 0,
        "texture": "textures/vk/hud/compass_bg",
        "size": [
            "14%",
            "10%"
        ],
        "anchor_from": "left_middle",
        "anchor_to": "left_middle",
        "offset": [
            0,
            "38%"
        ],
        "controls": [
            {
                "show": {
                    "type": "stack_panel",
                    "orientation": "horizontal",
                    "texture": "textures/ui/Black",
                    "alpha": 0,
                    "layer": 80,
                    "size": [
                        50,
                        17
                    ],
                    "controls": [
                        {
                            "clock@beacon.item_renderer": {
                                "size": [
                                    20,
                                    20
                                ],
                                "layer": 16,
                                "property_bag": {
                                    "#item_id_aux": 22740992
                                }
                            }
                        },
                        {
                            "space": {
                                "type": "panel",
                                "size": [
                                    1.5,
                                    1.5
                                ]
                            }
                        },
                        {
                            "compass@beacon.item_renderer": {
                                "size": [
                                    20,
                                    20
                                ],
                                "layer": 16,
                                "property_bag": {
                                    "#item_id_aux": 22609920
                                }
                            }
                        }
                    ]
                }
            }
        ]
    },
    "white": {
        "type": "image",
        "texture": "textures/ui/White"
    },
    "logo": {
        "type": "label",
        "layer": 114514,
        "offset": [
            -20,
            -10
        ],
        "text": "$hud_logo",
        "font_type": "$font_type",
        "anchor_from": "bottom_right",
        "anchor_to": "bottom_right"
    },
    "Language display": {
        "type": "image",
        "size": [
            "15%",
            "4%"
        ],
        "anchor_from": "bottom_left",
        "anchor_to": "bottom_left",
        "texture": "textures/ui/Black",
        "alpha": 0,
        "controls": [
            {
                "114514": {
                    "type": "stack_panel",
                    "orientation": "horizontal",
                    "controls": [
                        {
                            "text0": {
                                "type": "label",
                                "layer": 2,
                                "font_type": "$font_type",
                                "text": "language"
                            }
                        },
                        {
                            "text": {
                                "type": "label",
                                "font_type": "$font_type",
                                "layer": 2,
                                "text": "language.texts",
                                "color": [
                                    0,
                                    1,
                                    0
                                ]
                            }
                        }
                    ]
                }
            }
        ]
    },
    "hotbar_elipses_panel_right": {
        "type": "panel",
        "size": [
            21,
            22
        ],
        "controls": [
            {
                "content@hud.hotbar_elipses_panel_right_content": {}
            },
            {
                "hotbar_end_cap@hud.hotbar_end_cap": {
                    "anchor_from": "left_middle",
                    "anchor_to": "left_middle",
                    "bindings": [
                        {
                            "binding_name": "(not #hotbar_elipses_right_visible)",
                            "binding_name_override": "#visible",
                            "binding_type": "global"
                        }
                    ]
                }
            }
        ]
    },
    "hotbar_elipses_panel_right_content": {
        "type": "stack_panel",
        "orientation": "horizontal",
        "controls": [
            {
                "elipses_content@hud.hotbar_elipses_panel_right_art": {}
            },
            {
                "hotbar_end_cap@hud.hotbar_end_cap": {}
            }
        ],
        "bindings": [
            {
                "binding_name": "#hotbar_elipses_right_visible",
                "binding_name_override": "#visible",
                "binding_type": "global"
            }
        ]
    },
    "hotbar_elipses_panel_right_art": {
        "type": "panel",
        "size": [
            20,
            22
        ],
        "layer": 4,
        "controls": [
            {
                "slot@hud.hotbar_slot_image": {
                    "layer": 2,
                    "alpha": 0,
                    "texture": "textures/ui/hotbar_8"
                }
            },
            {
                "button@hud.hotbar_elipses_button": {}
            }
        ]
    },
    "hotbar_elipses_panel_left": {
        "type": "panel",
        "size": [
            21,
            22
        ],
        "controls": [
            {
                "content@hud.hotbar_elipses_panel_left_content": {}
            },
            {
                "hotbar_start_cap@hud.hotbar_start_cap": {
                    "anchor_from": "right_middle",
                    "anchor_to": "right_middle",
                    "bindings": [
                        {
                            "binding_name": "(not #hotbar_elipses_left_visible)",
                            "binding_name_override": "#visible",
                            "binding_type": "global"
                        }
                    ]
                }
            }
        ]
    },
    "hotbar_elipses_panel_left_content": {
        "type": "stack_panel",
        "orientation": "horizontal",
        "controls": [
            {
                "hotbar_start_cap@hud.hotbar_start_cap": {}
            },
            {
                "button@hud.hotbar_elipses_panel_left_art": {}
            }
        ],
        "bindings": [
            {
                "binding_name": "#hotbar_elipses_left_visible",
                "binding_name_override": "#visible",
                "binding_type": "global"
            }
        ]
    },
    "hud_button_image": {
        "type": "image",
        "texture": "textures/ui/White",
        "alpha": 0,
        "layer": -1,
        "offset": [
            -100,
            -1
        ],
        "size": [
            20,
            22
        ],
        "anchor_from": "bottom_middle",
        "anchor_to": "bottom_middle",
        "controls": [
            {
                "label": {
                    "type": "label",
                    "text": "$b",
                    "font_type": "$font_type",
                    "layer": 99,
                    "fill": true,
                    "shadow": true,
                    "font_size": "large"
                }
            }
        ],
        "bindings": [
            {
                "binding_name": "#inventory_touch_button",
                "binding_name_override": "#visible",
                "binding_type": "global"
            }
        ]
    },
    "hud_button": {
        "type": "image",
        "alpha": 0,
        "texture": "textures/ui/Black",
        "controls": [
            {
                "label": {
                    "type": "label",
                    "text": "$b",
                    "font_type": "$font_type",
                    "layer": 99,
                    "fill": true,
                    "font_size": "large"
                }
            }
        ]
    },
    "hover": {
        "type": "image",
        "alpha": 0,
        "texture": "textures/ui/Black",
        "controls": [
            {
                "label": {
                    "type": "label",
                    "text": "$b",
                    "font_type": "$font_type",
                    "layer": 99,
                    "color": "White",
                    "fill": true,
                    "shadow": true,
                    "font_size": "large"
                }
            }
        ]
    },
    "hotbar_elipses_panel_left_art": {
        "type": "panel",
        "size": [
            20,
            22
        ],
        "layer": 4,
        "controls": [
            {
                "slot@hud.hotbar_slot_image": {
                    "layer": 2,
                    "alpha": 0,
                    "texture": "textures/ui/hotbar_0"
                }
            },
            {
                "button@hud.hotbar_elipses_button": {}
            }
        ]
    },
    "hotbar_panel": {
        "type": "stack_panel",
        "orientation": "horizontal",
        "size": [
            "100%c",
            22
        ],
        "anchor_from": "bottom_middle",
        "anchor_to": "bottom_middle",
        "controls": [
            {
                "hotbar_elipses_panel_left@hud.hotbar_elipses_panel_left": {}
            },
            {
                "hotbar_grid@hud.hotbar_grid": {}
            },
            {
                "hotbar_elipses_panel_right@hud.hotbar_elipses_panel_right": {}
            }
        ]
    },
    "elipses_image": {
        "type": "image",
        "texture": "textures/ui/inventory_icon",
        "anchor_from": "center",
        "anchor_to": "center",
        "size": [
            13,
            4
        ],
        "layer": 30,
        "alpha": 0
    },
    "item_icon_deselected": {
        "type": "panel",
        "size": [
            14,
            14
        ],
        "layer": 3,
        "controls": [
            {
                "icon@hotbar_hud_item_icon": {}
            }
        ],
        "bindings": [
            {
                "binding_name": "#slot_selected",
                "binding_type": "collection",
                "binding_collection_name": "$hotbar_collection_name"
            },
            {
                "source_property_name": "(not #slot_selected)",
                "target_property_name": "#visible",
                "binding_type": "view"
            }
        ]
    },
    "item_icon_selected": {
        "type": "panel",
        "layer": 3,
        "offset": "@item_icon_offset",
        "anim": [
            "@item_icon_size"
        ],
        "animation_reset_name": "button.slot_1",
        "controls": [
            {
                "icon_selected@hotbar_hud_item_icon": {}
            }
        ],
        "bindings": [
            {
                "binding_name": "#slot_selected",
                "binding_name_override": "#visible",
                "binding_type": "collection",
                "binding_collection_name": "$hotbar_collection_name"
            }
        ]
    },
    "gui_hotbar_grid_item": {
        "type": "panel",
        "layer": 1,
        "size": [
            20,
            22
        ],
        "anchor_to": "top_left",
        "anchor_from": "top_left",
        "$stack_count_required|default": true,
        "$durability_bar_required|default": true,
        "controls": [
            {
                "hotbar_slot_selected_image@hotbar_slot_selected_image": {}
            },
            {
                "hotbar_renderer@hotbar_renderer": {}
            },
            {
                "hotbar_parent": {
                    "type": "panel",
                    "size": [
                        18,
                        18
                    ],
                    "controls": [
                        {
                            "item_icon@hotbar_hud_item_icon": {
                                "layer": 3,
                                "size": [
                                    16,
                                    16
                                ],
                                "ignored": true
                            }
                        },
                        {
                            "item_icon_deselected@item_icon_deselected": {}
                        },
                        {
                            "item_icon_selected@item_icon_selected": {}
                        },
                        {
                            "item_count@common.stack_count_label": {
                                "layer": 12,
                                "offset": [
                                    0,
                                    -1
                                ],
                                "font_scale_factor": 0.8,
                                "font_type": "OldSmoothFont",
                                "$item_collection_name": "$hotbar_collection_name",
                                "$stack_count_collection_name": "$hotbar_collection_name",
                                "bindings": [
                                    {
                                        "binding_name": "#inventory_stack_count",
                                        "binding_type": "collection",
                                        "binding_collection_name": "$stack_count_collection_name"
                                    },
                                    {
                                        "binding_name": "#stack_count_visible",
                                        "binding_name_override": "#visible",
                                        "binding_type": "collection",
                                        "binding_collection_name": "$stack_count_collection_name"
                                    }
                                ]
                            }
                        },
                        {
                            "item_dura@item_durability": {
                                "layer": 5
                            }
                        },
                        {
                            "container_item_lock_overlay@hud.container_item_lock_overlay": {
                                "layer": 6,
                                "size": [
                                    16,
                                    16
                                ]
                            }
                        }
                    ]
                }
            },
            {
                "cooldown_renderer@cooldown_renderer": {
                    "layer": 10
                }
            },
            {
                "hotbar_slot_button@gui_hotbar_slot_button_prototype": {}
            }
        ],
        "modifications": [
            {
                "array_name": "controls",
                "operation": "insert_back",
                "value": [
                    {
                        "touch_input_panel": {
                            "type": "button",
                            "layer": 3,
                            "consume_hover_events": false,
                            "button_mappings": [
                                {
                                    "from_button_id": "button.menu_select",
                                    "to_button_id": "button.slot_1",
                                    "mapping_type": "pressed",
                                    "consume_event": false
                                }
                            ]
                        }
                    }
                ]
            }
        ]
    },
    "item_icon_offset": {
        "anim_type": "offset",
        "from": [
            0,
            0
        ],
        "to": [
            0,
            -2
        ],
        "easing": "out_cric",
        "duration": 0.23,
        "reset_event": "button.slot_1"
    },
    "item_icon_size": {
        "anim_type": "size",
        "from": [
            12,
            12
        ],
        "to": [
            16,
            16
        ],
        "easing": "out_cric",
        "duration": 0.23,
        "reset_event": "button.slot_1"
    },
    "new_chat_label": {
        "type": "label",
        "layer": 31,
        "text": "#text",
        "font_type": "$font_type",
        "size": [
            "100%",
            "default"
        ],
        "shadow": true,
        "localize": false,
        "color": "White",
        "font_scale_factor": "$chat_font_scale_factor",
        "bindings": [
            {
                "binding_name": "#chat_text",
                "binding_name_override": "#text",
                "binding_type": "collection",
                "binding_collection_name": "chat_text_grid",
                "binding_condition": "once"
            }
        ]
    },
    "chat_grid_item/chat_background": {
        "anims": [
            "@hud.chat_offset"
        ],
        "texture": "textures/ui/Transparent",
        "animation_reset_name": "screen_animation_reset",
        "alpha": 0,
        "controls": [
            {
                "chat_text@chat_label": {
                    "anchor_from": "center",
                    "anchor_to": "center"
                }
            }
        ]
    },
    "chat_offset": {
        "anim_type": "offset",
        "easing": "spring",
        "duration": 1,
        "from": [
            0,
            -15
        ],
        "to": [
            0,
            0
        ],
        "next": "@hud.chat_wait"
    },
    "chat_wait": {
        "anim_type": "wait",
        "duration": 5,
        "next": "@hud.chat_end"
    },
    "chat_end": {
        "anim_type": "alpha",
        "easing": "out_cubic",
        "duration": 1,
        "from": 1,
        "to": 0
    },
    "Welcome_Panel": {
        "type": "image",
        "ignored": "$welcome_anims",
        "texture": "alpha",
        "size": [
            "100%",
            "100%"
        ],
        "controls": [
            {
                "title": {
                    "type": "label",
                    "text": "$welcome_title",
                    "font_type": "$font_type",
                    "font_size": "large",
                    "alpha": "@hud.welcome_title_anim_alpha",
                    "offset": [
                        0,
                        40
                    ]
                }
            },
            {
                "text": {
                    "type": "label",
                    "text": "$welcome_text",
                    "font_type": "$font_type",
                    "font_size": "large",
                    "alpha": "@hud.welcome_title_anim_alpha",
                    "offset": [
                        0,
                        70
                    ]
                }
            }
        ]
    },
    "welcome_title_anim_alpha": {
        "anim_type": "alpha",
        "duration": 1,
        "from": 0,
        "to": 1,
        "easing": "in_cubic",
        "next": "@hud.welcome_title_anim_alpha2"
    },
    "welcome_title_anim_alpha2": {
        "anim_type": "wait",
        "duration": 3,
        "next": "@welcome_title_anim_alpha3"
    },
    "welcome_title_anim_alpha3": {
        "anim_type": "alpha",
        "duration": 1,
        "from": 1,
        "to": 0,
        "easing": "in_cubic"
    },
    "hud_content": {
        "type": "panel",
        "$hud_size": [
            "100%",
            "100%"
        ],
        "$hud_player_rend_desktop_offset|default": [
            15,
            15
        ],
        "variables": [
            {
                "requires": "($is_holographic and not $is_living_room_mode)",
                "$hud_player_rend_desktop_offset": [
                    100,
                    50
                ]
            },
            {
                "requires": "($compress_hud_width)",
                "$hud_size": [
                    "90%",
                    "100%"
                ]
            }
        ],
        "size": "$hud_size",
        "controls": [
            {
                "Black_background@hud.Black_background": {}
            },
            {
                "hotbar_background@hud.hotbar_background": {}
            },
            {
                "hidehud_button@hud.hidehud_button": {}
            },
            {
                "root_panel@hud.root_panel": {}
            },
            {
                "camera_renderer@camera_renderer": {}
            },
            {
                "Welcome_Panel@hud.Welcome_Panel": {}
            },
            {
                "Touch_detection@hud.Touch_detection": {}
            },
            {
                "Language display@hud.Language display": {}
            },
            {
                "logo@hud.logo": {}
            }
        ]
    }
}