{
    "namespace": "pause",
    "pause_button_controls": {
        "type": "image",
        "texture": "textures/vk/hud/black0",
        "size": [
            160,
            50
        ],
        "alpha": 0.4,
        "layer": 1,
        "controls": [
            {
                "button_controls": {
                    "type": "stack_panel",
                    "orientation": "horizontal",
                    "controls": [
                        {
                            "play@Sub_button_icon": {
                                "$pressed_button_name": "button.menu_continue",
                                "$icon_texture": "textures/vk/icon/pause/play",
                                "size": [
                                    40,
                                    50
                                ]
                            }
                        },
                        {
                            "setting@Sub_button_icon": {
                                "$pressed_button_name": "button.menu_settings",
                                "$icon_texture": "textures/vk/icon/pause/setting",
                                "size": [
                                    40,
                                    50
                                ]
                            }
                        },
                        {
                            "quit@Sub_button_icon": {
                                "$pressed_button_name": "button.menu_quit",
                                "$icon_texture": "textures/vk/icon/pause/close",
                                "size": [
                                    40,
                                    50
                                ]
                            }
                        },
                        {
                            "player_toggle@settings_common.option_toggle": {
                                "$show_option_label": false,
                                "$control_name": "pause.player_control"
                            }
                        },
                        null
                    ]
                }
            }
        ]
    },
    "info_panel": {
        "bindings": [
            {
                "binding_type": "view",
                "source_control_name": "pause.player_control",
                "source_property_name": "#toggle_state",
                "target_property_name": "#visible"
            }
        ]
    },
    "player_control@settings_common.option_toggle_control": {
        "size": [
            40,
            50
        ],
        "$icon_texture": "textures/vk/icon/pause/players",
        "$toggle_name": "player",
        "$option_binding_name": "#player",
        "$unchecked_control": "pause.Sub_button_default_icon",
        "$unchecked_hover_control": "pause.Sub_button_hover_icon",
        "$checked_control": "pause.Sub_button_default_icon",
        "$checked_hover_control": "pause.Sub_button_hover_icon"
    },
    "fill_size": {
        "type": "panel",
        "size": "$size"
    },
    "Sub_button_default_icon": {
        "type": "image",
        "texture": "textures/ui/black",
        "size": [
            20,
            20
        ],
        "alpha": 0,
        "layer": 10,
        "controls": [
            {
                "icon": {
                    "type": "image",
                    "texture": "$icon_texture",
                    "size": [
                        20,
                        20
                    ],
                    "layer": 11
                }
            }
        ]
    },
    "Sub_button_hover_icon": {
        "type": "image",
        "texture": "textures/ui/White",
        "size": [
            20,
            20
        ],
        "alpha": 0,
        "layer": 10,
        "controls": [
            {
                "icon": {
                    "type": "image",
                    "texture": "$icon_texture",
                    "size": [
                        20,
                        20
                    ],
                    "layer": 11
                }
            }
        ]
    },
    "Sub_button_icon@common.button": {
        "controls": [
            {
                "default@Sub_button_default_icon": {}
            },
            {
                "hover@Sub_button_hover_icon": {}
            },
            {
                "pressed@Sub_button_hover_icon": {}
            }
        ]
    },
    "player_zylb": {
        "type": "image",
        "texture": " ",
        "size": [
            140,
            100
        ],
        "offset": [
            "-40%",
            0
        ],
        "alpha": 0,
        "layer": 1,
        "controls": [
            {
                "button_controls": {
                    "type": "stack_panel",
                    "orientation": "horizontal",
                    "controls": [
                        {
                            "hud_player_renderer": {
                                "type": "panel",
                                "size": [
                                    50,
                                    50
                                ],
                                "anchor_from": "center",
                                "anchor_to": "center",
                                "controls": [
                                    {
                                        "hud_player": {
                                            "type": "custom",
                                            "renderer": "live_player_renderer",
                                            "layer": 1,
                                            "animation_reset_name": "screen_animation_reset",
                                            "anims": [
                                                "@common.screen_exit_size_animation_push",
                                                "@common.screen_exit_size_animation_pop",
                                                "@common.screen_entrance_size_animation_push",
                                                "@common.screen_entrance_size_animation_pop"
                                            ],
                                            "bindings": [
                                                {
                                                    "binding_name": "#paper_doll_visible",
                                                    "binding_name_override": "#visible"
                                                }
                                            ]
                                        }
                                    },
                                    {
                                        "114514": {
                                            "type": "stack_panel",
                                            "orientation": "vertical",
                                            "offset": [
                                                50,
                                                0
                                            ],
                                            "controls": [
                                                {
                                                    "armor_renderer@hud.armor_renderer": {}
                                                },
                                                {
                                                    "heart_renderer@hud.heart_renderer": {}
                                                }
                                            ]
                                        }
                                    }
                                ]
                            }
                        }
                    ]
                }
            }
        ]
    },
    "pause_controls": {
        "type": "panel",
        "controls": [
            {
                "pause_controls": {
                    "type": "panel",
                    "controls": [
                        {
                            "pause_button_controls@pause_button_controls": {}
                        },
                        {
                            "player_content_panel@player_content_panel": {}
                        },
                        {
                            "player_zylb@player_zylb": {}
                        }
                    ]
                }
            }
        ]
    },
    "player_content_panel": {
        "type": "image",
        "texture": " ",
        "size": [
            140,
            "100%"
        ],
        "alpha": 0,
        "layer": 1,
        "anchor_from": "right_middle",
        "anchor_to": "right_middle",
        "controls": [
            {
                "info_panel@pause.info_panel": {}
            }
        ]
    },
    "pause_screen_content": {
        "type": "panel",
        "controls": [
            {
                "pause_controls@pause_controls": {}
            }
        ]
    }
}