{
    "namespace": "progress",
    "fancy_progress_loading_bars": {
        "type": "panel",
        "anchor_from": "bottom_middle",
        "anchor_to": "bottom_middle",
        "offset": [
            0,
            0
        ],
        "size": [
            "100%",
            "3%"
        ],
        "layer": 5,
        "controls": [
            {
                "full_progress_bar_icon@achievement.full_progress_bar_icon_base": {
                    "texture": "textures/ui/White",
                    "alpha": 1,
                    "layer": 3,
                    "bindings": [
                        {
                            "binding_name": "#loading_bar_percentage",
                            "binding_name_override": "#clip_ratio"
                        }
                    ]
                }
            },
            {
                "empty_progress_bar_icon@achievement.empty_progress_bar_icon": {
                    "texture": "textures/ui/Black",
                    "alpha": 0.4,
                    "layer": 2
                }
            },
            {
                "progress_bar_nub@achievement.progress_bar_nub": {
                    "size": [
                        "100% - 10px",
                        5
                    ],
                    "layer": 4
                }
            }
        ],
        "bindings": [
            {
                "binding_name": "#loading_bar_visible",
                "binding_name_override": "#visible"
            }
        ]
    },
    "progress_title": {
        "type": "label",
        "font_scale_factor": 1.3,
        "layer": 2,
        "text": "#title_text",
        "font_type": "$font_type",
        "anchor_from": "bottom_left",
        "anchor_to": "bottom_left",
        "bindings": [
            {
                "binding_name": "#title_text"
            }
        ]
    },
    "title_1": {
        "type": "label",
        "font_scale_factor": 3.1,
        "layer": 2,
        "font_type": "$font_type",
        "anchor_from": "bottom_left",
        "anchor_to": "bottom_left",
        "text": "Loading..."
    },
    "background": {
        "type": "image",
        "texture": "textures/ui/background_progress",
        "size": [
            "100%",
            "100%"
        ],
        "fill": true,
        "layer": -1
    },
    "progress_1": {
        "type": "image",
        "size": [
            "100%",
            "5%"
        ],
        "texture": "textures/ui/Black",
        "anchor_from": "bottom_middle",
        "anchor_to": "bottom_middle",
        "layer": 1,
        "alpha": 0.6,
        "offset": [
            0,
            0
        ]
    },
    "progress_2": {
        "type": "image",
        "size": [
            "100%",
            "20%"
        ],
        "texture": "textures/ui/Black",
        "anchor_from": "bottom_middle",
        "anchor_to": "bottom_middle",
        "layer": 1,
        "alpha": 0.42,
        "offset": [
            0,
            "-5%"
        ]
    },
    "progress_3": {
        "type": "image",
        "size": [
            7,
            "20%"
        ],
        "texture": "textures/ui/Black",
        "anchor_from": "bottom_left",
        "anchor_to": "bottom_left",
        "layer": 1,
        "alpha": 0.54,
        "offset": "@progress.Welcome_1"
    },
    "Welcome_1": {
        "anim_type": "offset",
        "destroy_at_end": "Welcome_animation",
        "easing": "out_cubic",
        "duration": 1.6,
        "from": [
            -100,
            "-5%"
        ],
        "to": [
            0,
            "-5%"
        ]
    },
    "world_modal_progress_screen_content": {
        "type": "panel",
        "layer": 3,
        "controls": [
            {
                "fancy_progress_loading_bars@progress.fancy_progress_loading_bars": {}
            },
            {
                "progress_1@progress.progress_1": {}
            },
            {
                "progress_2@progress.progress_2": {}
            },
            {
                "progress_3@progress.progress_3": {}
            },
            {
                "progress_title@progress.progress_title": {
                    "offset": [
                        7,
                        -20
                    ]
                }
            },
            {
                "title_1@progress.title_1": {
                    "offset": [
                        8,
                        -35
                    ]
                }
            },
            {
                "title_2@progress.title_2": {
                    "offset": [
                        0,
                        "-5%"
                    ]
                }
            }
        ]
    },
    "world_convert_modal_progress_screen@progress.progress_screen": {
        "$screen_content": "progress.world_modal_progress_screen_content",
        "$screen_bg_content": "progress.background"
    },
    "world_saving_progress_screen@progress_screen": {
        "$screen_content": "progress.world_modal_progress_screen_content",
        "$screen_bg_content": "progress.background"
    },
    "modal_progress_screen@progress_screen": {
        "$screen_content": "progress.modal_screen_content"
    },
    "realms_loading_progress_screen@progress_screen": {
        "$screen_content": "progress.progress_screen_content",
        "$screen_bg_content": "common.portal_background"
    },
    "world_loading_progress_screen@progress_screen": {
        "$screen_content": "progress.world_modal_progress_screen_content",
        "$screen_bg_content": "progress.background"
    },
    "progress_screen@common.base_screen": {
        "force_render_below": "$force_render_below",
        "$screen_animations": [
            "@common.screen_exit_animation_push_fade",
            "@common.screen_exit_animation_pop_fade"
        ],
        "button_mappings": [
            {
                "from_button_id": "button.menu_cancel",
                "to_button_id": "button.menu_exit",
                "mapping_type": "global"
            }
        ]
    }
}