{
    "namespace": "common",
    "anim_hand_offset": {
        "anim_type": "offset",
        "easing": "out_cubic",
        "duration": 2.9,
        "from": [
            150,
            0
        ],
        "to": [
            0,
            0
        ]
    },
    "screen_background_alpha": {
        "anim_type": "alpha",
        "easing": "out_cubic",
        "duration": 3,
        "from": 0.3,
        "to": 1,
        "next": "@common.screen_background_alpha1"
    },
    "screen_background_alpha1": {
        "anim_type": "alpha",
        "easing": "out_cubic",
        "duration": 3,
        "from": 1,
        "to": 0.3,
        "next": "@common.screen_background_alpha"
    },
    "screen_background": {
        "type": "image",
        "texture": " ",
        "alpha": 0,
        "controls": [
            {
                "background_image": {
                    "type": "image",
                    "texture": "textures/vk/hud/background_comm",
                    "full": true,
                    "alpha": "@common.screen_background_alpha"
                }
            },
            {
                "player": {
                    "type": "image",
                    "texture": " ",
                    "size": [
                        140,
                        100
                    ],
                    "offset": [
                        "-40%",
                        0
                    ],
                    "alpha": 0,
                    "layer": 1,
                    "controls": [
                        {
                            "button_controls": {
                                "type": "stack_panel",
                                "orientation": "horizontal",
                                "controls": [
                                    {
                                        "hud_player_renderer": {
                                            "type": "panel",
                                            "size": [
                                                50,
                                                50
                                            ],
                                            "anchor_from": "center",
                                            "anchor_to": "center",
                                            "controls": [
                                                {
                                                    "hud_player": {
                                                        "type": "custom",
                                                        "renderer": "live_player_renderer",
                                                        "layer": 1,
                                                        "animation_reset_name": "screen_animation_reset",
                                                        "anims": [
                                                            "@common.screen_exit_size_animation_push",
                                                            "@common.screen_exit_size_animation_pop",
                                                            "@common.screen_entrance_size_animation_push",
                                                            "@common.screen_entrance_size_animation_pop"
                                                        ],
                                                        "bindings": [
                                                            {
                                                                "binding_name": "#paper_doll_visible",
                                                                "binding_name_override": "#visible"
                                                            }
                                                        ]
                                                    }
                                                },
                                                {
                                                    "114514": {
                                                        "type": "stack_panel",
                                                        "orientation": "vertical",
                                                        "offset": [
                                                            50,
                                                            0
                                                        ],
                                                        "controls": [
                                                            {
                                                                "armor_renderer@hud.armor_renderer": {}
                                                            },
                                                            {
                                                                "heart_renderer@hud.heart_renderer": {}
                                                            }
                                                        ]
                                                    }
                                                }
                                            ]
                                        }
                                    }
                                ]
                            }
                        }
                    ]
                }
            }
        ]
    },
    "screen_exit_animation_push_alpha": {
        "anim_type": "alpha",
        "scale_from_starting_alpha": true,
        "easing": "linear",
        "duration": 0.5,
        "from": 1.0,
        "to": 0.0,
        "play_event": "screen.exit_push",
        "end_event": "screen.exit_end"
    },
    "screen_exit_animation_pop_alpha": {
        "anim_type": "alpha",
        "scale_from_starting_alpha": true,
        "easing": "linear",
        "duration": 0.5,
        "from": 1.0,
        "to": 0.0,
        "play_event": "screen.exit_pop",
        "end_event": "screen.exit_end"
    },
    "screen_entrance_animation_push_alpha": {
        "anim_type": "alpha",
        "scale_from_starting_alpha": true,
        "easing": "linear",
        "duration": 1,
        "from": 0.0,
        "to": 1.0,
        "play_event": "screen.entrance_push",
        "end_event": "screen.entrance_end"
    },
    "screen_entrance_animation_pop_alpha": {
        "anim_type": "alpha",
        "scale_from_starting_alpha": true,
        "easing": "linear",
        "duration": 1,
        "from": 0.0,
        "to": 1.0,
        "play_event": "screen.entrance_pop",
        "end_event": "screen.entrance_end"
    },
    "base_screen": {
        "type": "screen",
        "vr_mode": "$is_holographic",
        "$screen_content|default": "common.base_screen_empty_panel",
        "$screen_bg_content|default": "common.base_screen_empty_panel",
        "$screen_animations|default": [
            "@common.screen_exit_animation_push_alpha",
            "@common.screen_exit_animation_pop_alpha",
            "@common.screen_entrance_animation_push_alpha",
            "@common.screen_entrance_animation_pop_alpha"
        ],
        "$background_animations|default": [
            "@common.screen_exit_animation_push_alpha",
            "@common.screen_exit_animation_pop_alpha",
            "@common.screen_entrance_animation_push_alpha",
            "@common.screen_entrance_animation_pop_alpha"
        ],
        "$use_loading_bars|default": true,
        "$is_full_screen_layout|default": false,
        "$safezone_screen_matrix_layer|default": 2,
        "controls": [
            {
                "variables_button_mappings_and_controls": {
                    "type": "input_panel",
                    "hover_enabled": false,
                    "prevent_touch_input": false,
                    "ttsSectionContainer": true,
                    "variables": [
                        {
                            "requires": "$desktop_screen",
                            "$narrow_screen_size": [
                                280,
                                "100% - 10px"
                            ],
                            "$play_screen_size": [
                                282,
                                "100% - 50px"
                            ],
                            "$tabbed_upsell_screen_size": [
                                310,
                                173
                            ],
                            "$realms_create_screen_size": [
                                267,
                                240
                            ],
                            "$large_screen_size": [
                                317,
                                "100% - 10px"
                            ],
                            "$store_screen_size": [
                                "100% - 4px",
                                "100% - 4px"
                            ],
                            "$skin_pack_screen_size": [
                                "100% - 4px",
                                "100% - 50px"
                            ],
                            "$resource_pack_screen_size": [
                                "100% - 50px",
                                "45%x + 65px"
                            ],
                            "$upsell_screen_size": [
                                "177%y - 208.5px",
                                "100% - 4px"
                            ],
                            "$create_world_upsell_screen_size": [
                                360,
                                183
                            ],
                            "$create_realm_upsell_screen_size": [
                                360,
                                183
                            ],
                            "$create_realm_upsell_play_screen_size": [
                                360,
                                213
                            ],
                            "$max_create_world_upsell_screen_size": [
                                360,
                                "100% - 4px"
                            ],
                            "$min_resource_pack_screen_size": [
                                372,
                                232.4
                            ],
                            "$max_resource_pack_screen_size": [
                                400,
                                246
                            ],
                            "$max_upsell_screen_size": [
                                250,
                                259.125
                            ],
                            "$rating_prompt_screen_size": [
                                250,
                                87
                            ],
                            "$max_skin_pack_screen_size": [
                                310,
                                "56.25%x - 65.25px + 118.5px"
                            ],
                            "$extra_large_screen_size": [
                                "100% - 4px",
                                "100% - 4px"
                            ],
                            "$extra_large_max_screen_size": [
                                370,
                                "100% - 50px"
                            ],
                            "$xbl_optional_signin_screen_size": [
                                317,
                                158
                            ],
                            "$xbl_console_signin_screen_size": [
                                316,
                                161
                            ],
                            "$xbl_console_signin_succeeded_screen_size": [
                                230,
                                "100% - 50px"
                            ],
                            "$xbl_first_launch_screen_size": [
                                317,
                                146
                            ],
                            "$xbl_gamer_profile_screen_size": [
                                260,
                                "100% - 50px"
                            ],
                            "$modal_screen_size": [
                                204,
                                140
                            ],
                            "$tall_modal_screen_size": [
                                204,
                                172
                            ],
                            "$patch_notes_screen_size": [
                                300,
                                "100% - 4px"
                            ],
                            "$sign_screen_size": [
                                185,
                                90
                            ],
                            "$mob_effect_screen_size": [
                                "90%",
                                "90%"
                            ],
                            "$purchase_coin_screen_size": [
                                "90%",
                                "17%x + 82px"
                            ],
                            "$purchase_coin_screen_size_extended": [
                                "90%",
                                "17%x + 117px"
                            ],
                            "$purchase_coin_screen_size_not_enough": [
                                "90%",
                                "17%x + 97px"
                            ],
                            "$purchase_coin_screen_size_extended_not_enough": [
                                "90%",
                                "17%x + 132px"
                            ],
                            "$choose_realm_screen_size": [
                                "70%",
                                "85%"
                            ],
                            "$custom_templates_screen_size": [
                                "70%",
                                "85%"
                            ],
                            "$world_modal_screen_size": [
                                290,
                                100
                            ],
                            "$day_one_experience_intro_screen_size": [
                                "60%",
                                "85%"
                            ],
                            "$day_one_experience_import_progress_screen_size": [
                                "80%",
                                "90%"
                            ],
                            "$world_conversion_complete_screen_size": [
                                290,
                                160
                            ],
                            "$gamepad_disconnect_screen_size": [
                                300,
                                100
                            ],
                            "$cloud_upload_progress_screen_size": [
                                290,
                                200
                            ],
                            "$storage_migration_progress_size": [
                                290,
                                100
                            ]
                        },
                        {
                            "requires": "($pocket_screen or $is_holographic)",
                            "$narrow_screen_size": [
                                "90.3225%",
                                "100% - 4px"
                            ],
                            "$play_screen_size": [
                                "83.4375%",
                                "100% - 4px"
                            ],
                            "$tabbed_upsell_screen_size": [
                                310,
                                173
                            ],
                            "$realms_create_screen_size": [
                                "71.2766%",
                                "100% - 4px"
                            ],
                            "$large_screen_size": [
                                "70.3215%",
                                "100% - 4px"
                            ],
                            "$store_screen_size": [
                                "100% - 4px",
                                "100% - 4px"
                            ],
                            "$skin_pack_screen_size": [
                                "100% - 4px",
                                "100% - 4px"
                            ],
                            "$resource_pack_screen_size": [
                                "100% - 50px",
                                "45%x + 65px"
                            ],
                            "$upsell_screen_size": [
                                "100% - 76px",
                                "100% - 4px"
                            ],
                            "$create_world_upsell_screen_size": [
                                "100% - 4px",
                                223
                            ],
                            "$create_realm_upsell_screen_size": [
                                "100% - 4px",
                                223
                            ],
                            "$create_realm_upsell_play_screen_size": [
                                "100% - 4px",
                                219
                            ],
                            "$max_create_world_upsell_screen_size": [
                                "100% - 4px",
                                "100% - 4px"
                            ],
                            "$min_resource_pack_screen_size": [
                                306,
                                202.7
                            ],
                            "$max_resource_pack_screen_size": [
                                313.3,
                                206
                            ],
                            "$max_upsell_screen_size": [
                                "100% - 76px",
                                "56.25%x + 118.5px"
                            ],
                            "$max_skin_pack_screen_size": [
                                "100% - 4px",
                                "56.25%x - 65.25px + 118.5px"
                            ],
                            "$extra_large_screen_size": [
                                "100% - 4px",
                                "100% - 4px"
                            ],
                            "$extra_large_max_screen_size": [
                                370,
                                "100% - 50px"
                            ],
                            "$xbl_optional_signin_screen_size": [
                                316,
                                153
                            ],
                            "$xbl_console_signin_screen_size": [
                                316,
                                161
                            ],
                            "$xbl_console_signin_succeeded_screen_size": [
                                230,
                                "100% - 4px"
                            ],
                            "$xbl_first_launch_screen_size": [
                                316,
                                146
                            ],
                            "$xbl_gamer_profile_screen_size": [
                                316,
                                "100% - 4px"
                            ],
                            "$modal_screen_size": [
                                204,
                                140
                            ],
                            "$rating_prompt_screen_size": [
                                250,
                                87
                            ],
                            "$tall_modal_screen_size": [
                                204,
                                172
                            ],
                            "$patch_notes_screen_size": [
                                300,
                                "100% - 4px"
                            ],
                            "$sign_screen_size": [
                                185,
                                90
                            ],
                            "$mob_effect_screen_size": [
                                "90%",
                                "90%"
                            ],
                            "$purchase_coin_screen_size": [
                                "90%",
                                "17%x + 82px"
                            ],
                            "$purchase_coin_screen_size_extended": [
                                "90%",
                                "17%x + 117px"
                            ],
                            "$purchase_coin_screen_size_not_enough": [
                                "90%",
                                "17%x + 97px"
                            ],
                            "$purchase_coin_screen_size_extended_not_enough": [
                                "90%",
                                "17%x + 132px"
                            ],
                            "$choose_realm_screen_size": [
                                "70%",
                                "85%"
                            ],
                            "$custom_templates_screen_size": [
                                "70%",
                                "85%"
                            ],
                            "$world_modal_screen_size": [
                                290,
                                100
                            ],
                            "$day_one_experience_intro_screen_size": [
                                "60%",
                                "85%"
                            ],
                            "$day_one_experience_import_progress_screen_size": [
                                "80%",
                                "90%"
                            ],
                            "$world_conversion_complete_screen_size": [
                                290,
                                160
                            ],
                            "$gamepad_disconnect_screen_size": [
                                300,
                                100
                            ],
                            "$cloud_upload_progress_screen_size": [
                                290,
                                200
                            ],
                            "$storage_migration_progress_size": [
                                290,
                                100
                            ]
                        }
                    ],
                    "button_mappings": [
                        {
                            "from_button_id": "button.menu_up",
                            "to_button_id": "button.menu_up",
                            "mapping_type": "global",
                            "scope": "view"
                        },
                        {
                            "from_button_id": "button.menu_down",
                            "to_button_id": "button.menu_down",
                            "mapping_type": "global",
                            "scope": "view"
                        },
                        {
                            "from_button_id": "button.menu_left",
                            "to_button_id": "button.menu_left",
                            "mapping_type": "global",
                            "scope": "view"
                        },
                        {
                            "from_button_id": "button.menu_right",
                            "to_button_id": "button.menu_right",
                            "mapping_type": "global",
                            "scope": "view"
                        }
                    ],
                    "controls": [
                        {
                            "bg_no_safezone_screen_panel@$screen_bg_content": {
                                "anims": "$background_animations",
                                "animation_reset_name": "screen_animation_reset",
                                "propagate_alpha": true,
                                "disable_anim_fast_forward": true,
                                "layer": 2
                            }
                        },
                        {
                            "safezone_screen_matrix@common.safezone_outer_matrix": {
                                "anims": "$screen_animations",
                                "animation_reset_name": "screen_animation_reset",
                                "propagate_alpha": true,
                                "disable_anim_fast_forward": true,
                                "layer": "$safezone_screen_matrix_layer"
                            }
                        },
                        {
                            "screen_background@common_dialogs.full_screen_background": {
                                "anims": "$screen_animations",
                                "animation_reset_name": "screen_animation_reset",
                                "propagate_alpha": true,
                                "disable_anim_fast_forward": true,
                                "layer": -1
                            }
                        }
                    ]
                }
            },
            {
                "loading_bars_background": {
                    "type": "image",
                    "visible": "$use_loading_bars",
                    "texture": "textures/ui/effect_background",
                    "size": [
                        "33%",
                        "100%c + 16px"
                    ],
                    "alpha": 0.0,
                    "propagate_alpha": true,
                    "animation_reset_name": "screen_animation_reset",
                    "disable_anim_fast_forward": true,
                    "controls": [
                        {
                            "loading_bars@common_store.progress_loading_bars": {
                                "size": [
                                    "100%",
                                    "8%x"
                                ],
                                "max_size": []
                            }
                        }
                    ],
                    "anims": [
                        "@common.loading_bar_init_animation_push",
                        "@common.loading_bar_init_animation_pop"
                    ]
                }
            }
        ]
    },
    "cell_image": {
        "type": "image",
        "offset": "@common.cell_image_offset",
        "animation_reset_name": "screen_animation_reset",
        "texture": "textures/ui/cell_image",
        "layer": 1
    },
    "cell_image_offset": {
        "anim_type": "offset",
        "from": [
            0,
            "100%"
        ],
        "to": [
            0,
            0
        ],
        "easing": "out_cubic",
        "duration": 1
    },
    "text_edit_box": {
        "type": "edit_box",
        "$focus_id|default": "",
        "$focus_override_down|default": "",
        "$focus_override_up|default": "",
        "$focus_override_left|default": "",
        "$focus_override_right|default": "",
        "focus_identifier": "$focus_id",
        "focus_change_down": "$focus_override_down",
        "focus_change_up": "$focus_override_up",
        "focus_change_left": "$focus_override_left",
        "focus_change_right": "$focus_override_right",
        "focus_enabled": true,
        "anchor_from": "center",
        "anchor_to": "center",
        "layer": 1,
        "enabled": "#enabled",
        "$text_box_name|default": "#text_box_name",
        "$text_box_enabled_binding_name|default": "#text_box_enabled",
        "$text_edit_box_enabled_binding_type|default": "global",
        "$text_edit_box_grid_collection_name|default": "",
        "$text_edit_clipping_panel_size|default": [
            "100%",
            "100%"
        ],
        "$text_edit_box_label_size|default": [
            "default",
            "default"
        ],
        "$text_edit_box_label_anchor_point|default": "right_middle",
        "$text_edit_box_label_min_size|default": [
            "100%",
            0
        ],
        "$text_edit_box_label_offset|default": [
            0,
            0
        ],
        "text_box_name": "$text_box_name",
        "text_edit_box_grid_collection_name": "$text_edit_box_grid_collection_name",
        "$deselectable_binding_type|default": "none",
        "$deselectable_binding_name|default": "#can_be_deselected",
        "$text_edit_box_focusable_binding_name|default": "#text_edit_box_focusable",
        "$text_edit_visible_binding_name|default": "#text_edit_box_visible",
        "$text_edit_visible_binding_collection_name|default": "",
        "$text_edit_visible_binding_type|default": "none",
        "$text_edit_type_name|default": "accessibility.textbox.tts.title",
        "$text_box_tts_header|default": "",
        "$tts_section_header|default": "",
        "tts_name": "$text_edit_type_name",
        "tts_control_header": "$text_box_tts_header",
        "tts_section_header": "$tts_section_header",
        "$tts_override_control_value|default": " ",
        "tts_override_control_value": "$tts_override_control_value",
        "bindings": [
            {
                "binding_type": "$text_edit_box_enabled_binding_type",
                "binding_collection_name": "$text_edit_box_grid_collection_name",
                "binding_name": "$text_box_enabled_binding_name",
                "binding_name_override": "#enabled"
            },
            {
                "binding_type": "$deselectable_binding_type",
                "binding_name": "$deselectable_binding_name",
                "binding_name_override": "#can_be_deselected"
            },
            {
                "binding_type": "none",
                "binding_name": "$text_edit_box_focusable_binding_name",
                "binding_name_override": "#focus_enabled"
            },
            {
                "binding_name": "$text_edit_visible_binding_name",
                "binding_name_override": "#visible",
                "binding_type": "$text_edit_visible_binding_type",
                "binding_collection_name": "$text_edit_visible_binding_collection_name"
            }
        ],
        "locked_control": "locked",
        "default_control": "default",
        "hover_control": "hover",
        "pressed_control": "pressed",
        "max_length": 14,
        "$text_edit_box_text_type|default": "ExtendedASCII",
        "text_type": "$text_edit_box_text_type",
        "$virtual_keyboard_buffer_control|default": "",
        "virtual_keyboard_buffer_control": "$virtual_keyboard_buffer_control",
        "$text_edit_text_control|default": "display_text",
        "text_control": "$text_edit_text_control",
        "$place_holder_control": "common.text_edit_box_place_holder_label",
        "$text_background_default": "common.edit_box_indent",
        "$text_background_hover": "common.edit_box_indent_hover",
        "place_holder_control": "place_holder_control",
        "$text_edit_box_hovered_button_id|default": "button.text_edit_box_hovered",
        "$text_edit_box_clear_from_button_id|default": "button.menu_clear",
        "$text_edit_box_clear_to_button_id|default": "button.text_edit_box_clear",
        "$text_edit_box_clear_scope|default": "view",
        "$text_edit_box_selected_to_button_id|default": "button.text_edit_box_selected",
        "$text_edit_box_deselected_to_button_id|default": "button.text_edit_box_deselected",
        "button_mappings": [
            {
                "from_button_id": "button.menu_select",
                "to_button_id": "$text_edit_box_selected_to_button_id",
                "handle_select": true,
                "handle_deselect": true,
                "mapping_type": "pressed"
            },
            {
                "from_button_id": "button.menu_select",
                "to_button_id": "$text_edit_box_selected_to_button_id",
                "handle_select": false,
                "handle_deselect": true,
                "mapping_type": "global",
                "consume_event": false
            },
            {
                "from_button_id": "button.menu_ok",
                "to_button_id": "$text_edit_box_selected_to_button_id",
                "handle_select": true,
                "handle_deselect": true,
                "mapping_type": "pressed"
            },
            {
                "from_button_id": "button.menu_ok",
                "to_button_id": "$text_edit_box_selected_to_button_id",
                "handle_select": false,
                "handle_deselect": true,
                "mapping_type": "global"
            },
            {
                "from_button_id": "button.menu_cancel",
                "to_button_id": "$text_edit_box_deselected_to_button_id",
                "handle_select": false,
                "handle_deselect": true,
                "mapping_type": "global"
            },
            {
                "to_button_id": "$text_edit_box_hovered_button_id",
                "mapping_type": "pressed"
            },
            {
                "from_button_id": "$text_edit_box_clear_from_button_id",
                "to_button_id": "$text_edit_box_clear_to_button_id",
                "handle_select": false,
                "handle_deselect": false,
                "mapping_type": "focused"
            }
        ],
        "$shadow": false,
        "$font_size": "normal",
        "$color|default": [
            1,
            1,
            1,
            1
        ],
        "$alpha|default": 1.0,
        "$disabled_alpha|default": 0.5,
        "$text_offset|default": [
            0,
            0
        ],
        "controls": [
            {
                "centering_panel": {
                    "type": "panel",
                    "size": [
                        "100% - 6px",
                        "100% - 4px"
                    ],
                    "controls": [
                        {
                            "clipper_panel": {
                                "type": "panel",
                                "size": "$text_edit_clipping_panel_size",
                                "anchor_from": "left_middle",
                                "anchor_to": "left_middle",
                                "offset": "$text_offset",
                                "clips_children": true,
                                "$disabled_color|default": "$color",
                                "controls": [
                                    {
                                        "$text_edit_text_control@common.text_edit_box_label": {
                                            "layer": 1,
                                            "size": "$text_edit_box_label_size",
                                            "offset": "$text_edit_box_label_offset",
                                            "min_size": "$text_edit_box_label_min_size",
                                            "anchor_from": "$text_edit_box_label_anchor_point",
                                            "anchor_to": "$text_edit_box_label_anchor_point",
                                            "font_size": "$font_size",
                                            "$text_alpha|default": "$alpha",
                                            "$locked_text_alpha|default": "$disabled_alpha",
                                            "$locked_color|default": "$disabled_color"
                                        }
                                    },
                                    {
                                        "visibility_panel": {
                                            "type": "panel",
                                            "controls": [
                                                {
                                                    "place_holder_control@$place_holder_control": {
                                                        "layer": 1,
                                                        "size": "$text_edit_box_label_size",
                                                        "offset": "$text_edit_box_label_offset",
                                                        "min_size": "$text_edit_box_label_min_size",
                                                        "anchor_from": "$text_edit_box_label_anchor_point",
                                                        "anchor_to": "$text_edit_box_label_anchor_point",
                                                        "$text_alpha|default": "$alpha",
                                                        "$locked_text_alpha|default": "$disabled_alpha",
                                                        "$locked_color|default": "$disabled_color"
                                                    }
                                                }
                                            ],
                                            "bindings": [
                                                {
                                                    "binding_type": "view",
                                                    "source_control_name": "$text_edit_text_control",
                                                    "source_property_name": "(#item_name = '')",
                                                    "target_property_name": "#visible",
                                                    "resolve_sibling_scope": true
                                                }
                                            ]
                                        }
                                    }
                                ]
                            }
                        }
                    ]
                }
            },
            {
                "locked": {
                    "type": "panel",
                    "$disabled_color|default": "$color",
                    "controls": [
                        {
                            "edit_box_indent@$text_background_default": {
                                "$color": "$disabled_color",
                                "$alpha": "$disabled_alpha"
                            }
                        }
                    ]
                }
            },
            {
                "default@$text_background_default": {}
            },
            {
                "hover@$text_background_hover": {}
            },
            {
                "pressed@$text_background_hover": {}
            }
        ]
    },
    "top_bar": {
        "type": "image",
        "alpha": 0.36,
        "texture": "textures/ui/Black",
        "size": [
            "100%",
            23
        ]
    },
    "dropdown_background": {
        "layer": 1,
        "type": "image",
        "alpha": 0,
        "texture": "textures/ui/Black"
    },
    "container_scroll_background_image": {
        "type": "image",
        "layer": 2,
        "alpha": 0,
        "texture": "textures/ui/Black"
    },
    "edit_box_indent": {
        "type": "image",
        "texture": "textures/ui/Black",
        "alpha": 0.42
    },
    "edit_box_indent_hover@common.edit_box_indent": {
        "texture": "textures/ui/White",
        "alpha": 0.42
    },
    "dialog_background_common": {
        "type": "image",
        "texture": "textures/ui/Black",
        "layer": 1
    },
    "dialog_background_hollow_common@dialog_background_common": {
        "layer": 2,
        "controls": [
            {
                "control": {
                    "type": "image",
                    "layer": -1,
                    "alpha": 0
                }
            }
        ]
    },
    "dialog_background_opaque@dialog_background_common": {
        "texture": "textures/ui/Black",
        "alpha": 0.54
    },
    "dialog_background_hollow_1@dialog_background_hollow_common": {
        "texture": "textures/ui/Black",
        "alpha": 0.54
    },
    "dialog_background_hollow_2@dialog_background_hollow_common": {
        "texture": "textures/ui/Black",
        "alpha": 0
    },
    "dialog_background_hollow_3@dialog_background_hollow_common": {
        "texture": "textures/ui/Black",
        "alpha": 0
    },
    "dialog_background_hollow_4@dialog_background_hollow_common": {
        "texture": "textures/ui/Black",
        "alpha": 0.54
    },
    "dialog_background_hollow_4_thin@dialog_background_hollow_common": {
        "texture": "textures/ui/Black",
        "alpha": 0
    },
    "dialog_background_hollow_5@dialog_background_hollow_common": {
        "texture": "textures/ui/Black",
        "alpha": 0
    },
    "dialog_background_hollow_6@dialog_background_hollow_common": {
        "texture": "textures/ui/Black",
        "alpha": 0
    },
    "dialog_background_hollow_7@dialog_background_hollow_common": {
        "texture": "textures/ui/Black",
        "alpha": 0
    },
    "dialog_background_hollow_8@dialog_background_hollow_common": {
        "texture": "textures/ui/Black",
        "alpha": 0
    }
}