{
    "namespace": "general_section",
    "debug_button@settings_common.section_toggle_base": {
        "$toggle_view_binding_name": "debug_button_toggle",
        "$glyph_texture": "textures/ui/debug_glyph",
        "$glyph_color_texture": "textures/ui/debug_glyph_color",
        "$glyph_size": [
            15,
            15
        ],
        "$button_text": "options.debug",
        "$toggle_property_bag": {
            "#panel_title": "options.debugTitle"
        }
    },
    "feature_toggle@settings_common.option_toggle": {
        "$line_size": [
            "100%",
            "100%c - 9px"
        ],
        "$option_label": "#text",
        "$toggle_tts_header_binding_type": "collection",
        "$toggle_tts_header_binding_collection_name": "feature_toggles",
        "$toggle_name": "feature_toggle",
        "$toggle_state_binding_name": "#feature_toggle_state",
        "$option_binding_name": "#feature_toggle_state",
        "$toggle_binding_type": "collection",
        "$toggle_grid_collection_name": "feature_toggles",
        "$toggle_collection_details_type": "collection_details",
        "$toggle_collection_detail_name": "feature_toggles",
        "bindings": [
            {
                "binding_name": "#feature_toggle_enabled",
                "binding_type": "collection",
                "binding_name_override": "#enabled",
                "binding_collection_name": "feature_toggles"
            }
        ],
        "$label_bindings": [
            {
                "binding_name": "#feature_toggle_text",
                "binding_name_override": "#text",
                "binding_type": "collection",
                "binding_collection_name": "feature_toggles"
            }
        ]
    },
    "debug_section": {
        "type": "stack_panel",
        "size": [
            "100%",
            "100%c"
        ],
        "anchor_from": "top_left",
        "anchor_to": "top_left",
        "bindings": [
            {
                "binding_type": "view",
                "source_control_name": "debug_button_toggle",
                "source_property_name": "#toggle_state",
                "target_property_name": "#visible"
            }
        ],
        "controls": [
            {
                "option_toggle_dev_console_button_0@settings_common.option_toggle": {
                    "$option_label": "options.dev_showDevConsoleButton",
                    "$option_binding_name": "#dev_show_dev_console_button",
                    "$option_enabled_binding_name": "#dev_show_dev_console_button_enabled",
                    "$toggle_name": "dev_show_dev_console_button"
                }
            },
            {
                "option_toggle_assertions_debug_break@settings_common.option_toggle": {
                    "$option_label": "options.dev_assertions_debug_break",
                    "$option_binding_name": "#dev_assertions_debug_break",
                    "$option_enabled_binding_name": "#dev_assertions_debug_break_enabled",
                    "$toggle_name": "dev_assertions_debug_break"
                }
            },
            {
                "option_toggle_assertions_show_dialog@settings_common.option_toggle": {
                    "$option_label": "options.dev_assertions_show_dialog",
                    "$option_binding_name": "#dev_assertions_show_dialog",
                    "$option_enabled_binding_name": "#dev_assertions_show_dialog_enabled",
                    "$toggle_name": "dev_assertions_show_dialog"
                }
            },
            {
                "option_dev_force_trial_mode@settings_common.option_toggle": {
                    "$option_label": "options.dev_force_trial_mode",
                    "$option_binding_name": "#dev_force_trial_mode",
                    "$option_enabled_binding_name": "#dev_force_trial_mode_enabled",
                    "$toggle_name": "dev_force_trial_mode"
                }
            },
            {
                "feature_toggles_label": {
                    "type": "label",
                    "text": "Feature Toggles (governed by FeatureToggles.cpp)",
                    "size": [
                        "100%",
                        "default"
                    ],
                    "color": "$body_text_color"
                }
            },
            {
                "feature_toggles_label_spacer": {
                    "type": "panel",
                    "size": [
                        "100%",
                        3
                    ]
                }
            },
            {
                "feature_toggles": {
                    "type": "stack_panel",
                    "orientation": "vertical",
                    "size": [
                        "100%",
                        "100%c"
                    ],
                    "factory": {
                        "name": "feature_toggle_factory",
                        "control_name": "general_section.feature_toggle"
                    },
                    "collection_name": "feature_toggles",
                    "bindings": [
                        {
                            "binding_name": "#feature_toggle_count",
                            "binding_name_override": "#collection_length"
                        }
                    ]
                }
            },
            {
                "end_of_feature_toggles_label": {
                    "type": "label",
                    "text": "Other Options (not governed by FeatureToggles.cpp)",
                    "size": [
                        "100%",
                        "default"
                    ],
                    "color": "$body_text_color"
                }
            },
            {
                "end_of_feature_toggles_label_spacer": {
                    "type": "panel",
                    "size": [
                        "100%",
                        3
                    ]
                }
            },
            {
                "option_dev_controltower_override_transport_layer@settings_common.option_toggle": {
                    "$option_label": "options.dev_controltower_override_transport_layer",
                    "$option_binding_name": "#dev_controltower_override_transport_layer",
                    "$option_enabled_binding_name": "#dev_controltower_override_transport_layer_enabled",
                    "$toggle_name": "dev_controltower_override_transport_layer"
                }
            },
            {
                "option_slider_side_by_side_comparison_rate@settings_common.option_slider": {
                    "$option_label": "#dev_side_by_side_comparison_rate_slider_label",
                    "$slider_name": "dev_side_by_side_comparison_rate",
                    "$slider_value_binding_name": "#dev_side_by_side_comparison_rate",
                    "$slider_tts_text_value": "#dev_side_by_side_comparison_rate_text_value",
                    "$option_enabled_binding_name": "#dev_side_by_side_comparison_rate_enabled",
                    "$slider_steps_binding_name": "#dev_side_by_side_comparison_rate_steps",
                    "$label_bindings": [
                        {
                            "binding_name": "$option_label"
                        }
                    ]
                }
            },
            {
                "option_dropdown_transport_layer@settings_common.option_dropdown": {
                    "$option_label": "options.dev_transport_layer",
                    "$dropdown_content": "general_section.dev_transport_layer_dropdown_content",
                    "$dropdown_area": "content_area",
                    "$dropdown_name": "dev_transport_layer_dropdown",
                    "$options_dropdown_toggle_label_binding": "#dev_transport_layer_dropdown_toggle_label",
                    "$option_enabled_binding_name": "#dev_transport_layer_dropdown_enabled",
                    "$dropdown_scroll_content_size": [
                        "100%",
                        "200%"
                    ]
                }
            },
            {
                "option_toggle_remote_imgui@settings_common.option_toggle": {
                    "$option_label": "options.remote_imgui_toggle",
                    "$option_binding_name": "#remote_imgui",
                    "$option_enabled_binding_name": "#remote_imgui_enabled",
                    "$toggle_name": "remote_imgui"
                }
            },
            {
                "option_dropdown_0@settings_common.option_dropdown": {
                    "$option_label": "options.dev_enableDebugHudOverlay",
                    "$dropdown_content": "general_section.dev_debug_hud_dropdown_content",
                    "$dropdown_area": "content_area",
                    "$dropdown_name": "dev_debug_hud_dropdown",
                    "$options_dropdown_toggle_label_binding": "#dev_debug_hud_dropdown_toggle_label",
                    "$option_enabled_binding_name": "#dev_debug_hud_dropdown_enabled",
                    "$dropdown_scroll_content_size": [
                        "100%",
                        "400%"
                    ]
                }
            },
            {
                "option_toggle_0_1@settings_common.option_toggle": {
                    "$option_label": "options.dev_renderBoundingBox",
                    "$option_binding_name": "#dev_render_bounding_box",
                    "$option_enabled_binding_name": "#dev_render_bounding_box_enabled",
                    "$toggle_name": "dev_render_bounding_box"
                }
            },
            {
                "option_toggle_0_2@settings_common.option_toggle": {
                    "$option_label": "find mobs",
                    "$option_binding_name": "#dev_find_mobs",
                    "$option_enabled_binding_name": "#dev_find_mobs_enabled",
                    "$toggle_name": "dev_find_mobs"
                }
            },
            {
                "option_slider_0@settings_common.option_slider": {
                    "$option_label": "#dev_render_attach_pos_slider_label",
                    "$slider_name": "dev_render_attach_pos",
                    "$slider_value_binding_name": "#dev_render_attach_pos",
                    "$slider_tts_text_value": "#dev_render_attach_pos_text_value",
                    "$option_enabled_binding_name": "#dev_render_attach_pos_enabled",
                    "$slider_steps_binding_name": "#dev_render_attach_pos_steps",
                    "$label_bindings": [
                        {
                            "binding_name": "$option_label"
                        }
                    ]
                }
            },
            {
                "option_toggle_3@settings_common.option_toggle": {
                    "$option_label": "options.dev_renderPaths",
                    "$option_binding_name": "#dev_render_paths",
                    "$option_enabled_binding_name": "#dev_render_paths_enabled",
                    "$toggle_name": "dev_render_paths"
                }
            },
            {
                "option_toggle_4@settings_common.option_toggle": {
                    "$option_label": "options.dev_renderGoalState",
                    "$option_binding_name": "#dev_render_goal_state",
                    "$option_enabled_binding_name": "#dev_render_goal_state_enabled",
                    "$toggle_name": "dev_render_goal_state"
                }
            },
            {
                "option_toggle_5@settings_common.option_toggle": {
                    "$option_label": "options.dev_resetClientId",
                    "$option_binding_name": "#dev_reset_client_id",
                    "$option_enabled_binding_name": "#dev_reset_client_id_enabled",
                    "$toggle_name": "dev_reset_client_id"
                }
            },
            {
                "option_toggle_6@settings_common.option_toggle": {
                    "$option_label": "options.dev_showChunkMap",
                    "$option_binding_name": "#dev_show_chunk_map",
                    "$option_enabled_binding_name": "#dev_show_chunk_map_enabled",
                    "$toggle_name": "dev_show_chunk_map"
                }
            },
            {
                "option_dropdown_server_chunk_map@settings_common.option_dropdown": {
                    "$option_label": "options.dev_chunkMapMode",
                    "$dropdown_content": "general_section.dev_chunkMapMode_content",
                    "$option_enabled_binding_name": "#dev_chunk_map_mode_dropdown_enabled",
                    "$dropdown_area": "content_area",
                    "$dropdown_name": "dev_chunk_map_mode_dropdown",
                    "$options_dropdown_toggle_label_binding": "#dev_chunk_map_mode_dropdown_toggle_label",
                    "$dropdown_scroll_content_size": [
                        "100%",
                        "200%"
                    ]
                }
            },
            {
                "option_dropdown_identity_mode@settings_common.option_dropdown": {
                    "$option_label": "options.dev_identityMode",
                    "$dropdown_content": "general_section.dev_identityMode_content",
                    "$option_enabled_binding_name": "#dev_identity_mode_dropdown_enabled",
                    "$dropdown_area": "content_area",
                    "$dropdown_name": "dev_identity_mode_dropdown",
                    "$options_dropdown_toggle_label_binding": "#dev_identity_mode_dropdown_toggle_label",
                    "$dropdown_scroll_content_size": [
                        "100%",
                        "200%"
                    ]
                }
            },
            {
                "option_toggle_9@settings_common.option_toggle": {
                    "$option_label": "options.dev_renderMobInfoState",
                    "$option_binding_name": "#dev_render_mob_info_state",
                    "$option_enabled_binding_name": "#dev_render_mob_info_state_enabled",
                    "$toggle_name": "dev_render_mob_info_state"
                }
            },
            {
                "option_toggle_disable_render_terrain@settings_common.option_toggle": {
                    "$option_label": "options.dev_disableRenderTerrain",
                    "$option_binding_name": "#dev_disable_render_terrain",
                    "$option_enabled_binding_name": "#dev_disable_render_terrain_enabled",
                    "$toggle_name": "dev_disable_render_terrain"
                }
            },
            {
                "option_toggle_disable_render_entities@settings_common.option_toggle": {
                    "$option_label": "options.dev_disableRenderEntities",
                    "$option_binding_name": "#dev_disable_render_entities",
                    "$option_enabled_binding_name": "#dev_disable_render_entities_enabled",
                    "$toggle_name": "dev_disable_render_entities"
                }
            },
            {
                "option_toggle_disable_render_blockentities@settings_common.option_toggle": {
                    "$option_label": "options.dev_disableRenderBlockEntities",
                    "$option_binding_name": "#dev_disable_render_blockentities",
                    "$option_enabled_binding_name": "#dev_disable_render_blockentities_enabled",
                    "$toggle_name": "dev_disable_render_blockentities"
                }
            },
            {
                "option_toggle_disable_render_particles@settings_common.option_toggle": {
                    "$option_label": "options.dev_disableRenderParticles",
                    "$option_binding_name": "#dev_disable_render_particles",
                    "$option_enabled_binding_name": "#dev_disable_render_particles_enabled",
                    "$toggle_name": "dev_disable_render_particles"
                }
            },
            {
                "option_toggle_disable_render_sky@settings_common.option_toggle": {
                    "$option_label": "options.dev_disableRenderSky",
                    "$option_binding_name": "#dev_disable_render_sky",
                    "$option_enabled_binding_name": "#dev_disable_render_sky_enabled",
                    "$toggle_name": "dev_disable_render_sky"
                }
            },
            {
                "option_toggle_disable_render_weather@settings_common.option_toggle": {
                    "$option_label": "options.dev_disableRenderWeather",
                    "$option_binding_name": "#dev_disable_render_weather",
                    "$option_enabled_binding_name": "#dev_disable_render_weather_enabled",
                    "$toggle_name": "dev_disable_render_weather"
                }
            },
            {
                "option_toggle_disable_render_hud@settings_common.option_toggle": {
                    "$option_label": "options.dev_disableRenderHud",
                    "$option_binding_name": "#dev_disable_render_hud",
                    "$option_enabled_binding_name": "#dev_disable_render_hud_enabled",
                    "$toggle_name": "dev_disable_render_hud"
                }
            },
            {
                "option_toggle_disable_render_item_in_hand@settings_common.option_toggle": {
                    "$option_label": "options.dev_disableRenderItemInHand",
                    "$option_binding_name": "#dev_disable_render_item_in_hand",
                    "$option_enabled_binding_name": "#dev_disable_render_item_in_hand_enabled",
                    "$toggle_name": "dev_disable_render_item_in_hand"
                }
            },
            {
                "option_toggle_disable_render_main_menu_cubemap@settings_common.option_toggle": {
                    "$option_label": "options.dev_disableRenderMainMenuCubeMap",
                    "$option_binding_name": "#dev_disable_render_main_menu_cube_map",
                    "$option_enabled_binding_name": "#dev_disable_render_main_menu_cube_map_enabled",
                    "$toggle_name": "dev_disable_render_main_menu_cube_map"
                }
            },
            {
                "option_toggle_disable_render_main_menu_paperdoll_animation@settings_common.option_toggle": {
                    "$option_label": "options.dev_disableRenderMainMenuPaperdollAnimation",
                    "$option_binding_name": "#dev_disable_render_main_menu_paperdoll_animation",
                    "$option_enabled_binding_name": "#dev_disable_render_main_menu_paperdoll_animation_enabled",
                    "$toggle_name": "dev_disable_render_main_menu_paperdoll_animation"
                }
            },
            {
                "leak_memory@settings_common.option_text_edit_with_text_button": {
                    "$option_label": "Leak Memory",
                    "$option_binding_name": "#leak_memory_value",
                    "$option_enabled_binding_name": "#leak_memory_enabled",
                    "$max_text_edit_length": 4,
                    "$text_edit_box_text_type": "NumberChars",
                    "$option_text_edit_control_size": [
                        "50%",
                        "100%"
                    ],
                    "$text_box_name": "leak_memory_text_box",
                    "$button_text": "Leak Memory",
                    "$pressed_button_name": "button.leak_memory"
                }
            },
            {
                "option_toggle_build_info@settings_common.option_toggle": {
                    "$option_label": "options.dev_showBuildInfo",
                    "$option_binding_name": "#dev_show_build_info",
                    "$option_enabled_binding_name": "#dev_show_build_info_enabled",
                    "$toggle_name": "dev_show_build_info"
                }
            },
            {
                "option_perf_turtle@settings_common.option_toggle": {
                    "$option_label": "options.perf_turtle",
                    "$option_binding_name": "#perf_turtle",
                    "$option_enabled_binding_name": "#perf_turtle_enabled",
                    "$toggle_name": "perf_turtle"
                }
            },
            {
                "option_default_profiling_option@settings_common.option_dropdown": {
                    "$option_label": "Profiling Configuration",
                    "$dropdown_content": "general_section.default_profiling_group_dropdown_content",
                    "$dropdown_area": "content_area",
                    "$dropdown_name": "default_profiling_group",
                    "$options_dropdown_toggle_label_binding": "#default_profiling_group_toggle_label",
                    "$option_enabled_binding_name": "#default_profiling_group_enabled",
                    "$dropdown_scroll_content_size": [
                        "100%",
                        "150%"
                    ]
                }
            },
            {
                "edu_demo@settings_common.option_toggle": {
                    "ignored": "(not $education_edition) or $creator_build",
                    "$option_label": "options.dev_eduDemo",
                    "$option_binding_name": "#dev_edu_demo",
                    "$option_enabled_binding_name": "#dev_edu_demo_enabled",
                    "$toggle_name": "dev_edu_demo"
                }
            },
            {
                "option_toggle_ad_debug_panel@settings_common.option_toggle": {
                    "ignored": "(not $education_edition) or $creator_build",
                    "$option_label": "options.dev_ad_show_debug_panel",
                    "$option_binding_name": "#show_ad_debug_panel_button",
                    "$option_enabled_binding_name": "#show_ad_debug_panel_button_enabled",
                    "$toggle_name": "show_ad_debug_panel_button"
                }
            },
            {
                "ad_token_refresh_threshold@settings_common.option_slider": {
                    "ignored": "(not $education_edition) or $creator_build",
                    "$option_label": "#ad_token_refresh_threshold_slider_label",
                    "$slider_name": "ad_token_refresh_threshold",
                    "$slider_value_binding_name": "#ad_token_refresh_threshold",
                    "$slider_tts_text_value": "#ad_token_refresh_threshold_text_value",
                    "$option_enabled_binding_name": "#ad_token_refresh_threshold_enabled",
                    "$slider_steps_binding_name": "#ad_token_refresh_threshold_steps",
                    "$label_bindings": [
                        {
                            "binding_name": "$option_label"
                        }
                    ]
                }
            },
            {
                "option_toggle_7@settings_common.option_toggle": {
                    "$option_label": "options.dev_enableProfiler",
                    "$option_binding_name": "#dev_enable_profiler",
                    "$option_enabled_binding_name": "#dev_enable_profiler_enabled",
                    "$toggle_name": "dev_enable_profiler"
                }
            },
            {
                "option_toggle_newparticlesystem@settings_common.option_toggle": {
                    "$option_label": "options.dev_newParticleSystem",
                    "$option_binding_name": "#dev_newParticleSystem",
                    "$option_enabled_binding_name": "#dev_newParticleSystem_enabled",
                    "$toggle_name": "dev_newParticleSystem"
                }
            },
            {
                "option_toggle_8@settings_common.option_toggle": {
                    "$option_label": "options.dev_achievementsAlwaysEnabled",
                    "$option_binding_name": "#dev_achievements_always_enabled",
                    "$option_enabled_binding_name": "#dev_achievements_always_enabled_enabled",
                    "$toggle_name": "dev_achievements_always_enabled"
                }
            },
            {
                "option_toggle_game_tip@settings_common.option_toggle": {
                    "$option_label": "options.dev_game_tip",
                    "enabled": "($is_pregame)",
                    "$option_binding_name": "#dev_game_tip",
                    "$option_enabled_binding_name": "#dev_game_tip_enabled",
                    "$toggle_name": "dev_game_tip"
                }
            },
            {
                "option_toggle_10@settings_common.option_toggle": {
                    "$option_label": "options.dev_useIPv6Only",
                    "$option_binding_name": "#dev_use_ipv6_only",
                    "$option_enabled_binding_name": "#dev_use_ipv6_only_enabled",
                    "$toggle_name": "dev_use_ipv6_only"
                }
            },
            {
                "dev_disable_client_blob_cache_toggle@settings_common.option_toggle": {
                    "$option_label": "options.dev_disable_client_blob_cache",
                    "$option_binding_name": "#dev_disable_client_blob_cache",
                    "$option_enabled_binding_name": "#dev_disable_client_blob_cache_enabled",
                    "$toggle_name": "dev_disable_client_blob_cache"
                }
            },
            {
                "dev_force_client_blob_cache_toggle@settings_common.option_toggle": {
                    "$option_label": "options.dev_force_client_blob_cache",
                    "$option_binding_name": "#dev_force_client_blob_cache",
                    "$option_enabled_binding_name": "#dev_force_client_blob_cache_enabled",
                    "$toggle_name": "dev_force_client_blob_cache"
                }
            },
            {
                "devquality_dropdown@settings_common.option_dropdown": {
                    "$option_label": "options.dev_connection_quality",
                    "$dropdown_content": "general_section.dev_quality_dropdown_content",
                    "$dropdown_area": "content_area",
                    "$dropdown_name": "dev_connection_quality",
                    "$options_dropdown_toggle_label_binding": "#dev_connection_quality_toggle_label",
                    "$option_enabled_binding_name": "#dev_connection_quality_enabled",
                    "$dropdown_scroll_content_size": [
                        "100%",
                        "400%"
                    ]
                }
            },
            {
                "dev_show_latency_graph_toggle@settings_common.option_toggle": {
                    "$option_label": "options.dev_show_latency_graph",
                    "$option_binding_name": "#dev_show_latency_graph",
                    "$option_enabled_binding_name": "#dev_show_latency_graph_enabled",
                    "$toggle_name": "dev_show_latency_graph"
                }
            },
            {
                "xbox_sandbox_panel@general_section.xbox_sandbox_panel": {}
            },
            {
                "option_toggle_13@settings_common.option_toggle": {
                    "$option_label": "options.dev_createRealmWithoutPurchase",
                    "$option_binding_name": "#dev_create_realm_without_purchase",
                    "$option_enabled_binding_name": "#dev_create_realm_without_purchase_enabled",
                    "$toggle_name": "dev_create_realm_without_purchase"
                }
            },
            {
                "multithreaded_rendering_toggle@settings_common.option_toggle": {
                    "$option_label": "options.dev_multithreadedRendering",
                    "$option_binding_name": "#multithreaded_rendering",
                    "$option_enabled_binding_name": "#multithreaded_rendering_enabled",
                    "$toggle_name": "multithreaded_rendering",
                    "bindings": [
                        {
                            "binding_name": "#show_multithreaded_rendering",
                            "binding_name_override": "#visible"
                        }
                    ]
                }
            },
            {
                "filewatcher_rendering_toggle@settings_common.option_toggle": {
                    "$option_label": "options.dev_file_watcher",
                    "$option_binding_name": "#file_watcher",
                    "$option_enabled_binding_name": "#file_watcher_enabled",
                    "$toggle_name": "file_watcher"
                }
            },
            {
                "enable_texture_hot_reloader_toggle@settings_common.option_toggle": {
                    "$option_label": "options.dev_enable_texture_hot_reloader",
                    "$option_binding_name": "#enable_texture_hot_reloader",
                    "$option_enabled_binding_name": "#texture_hot_reloader_enabled",
                    "$toggle_name": "enable_texture_hot_reloader"
                }
            },
            {
                "mock_http_panel@general_section.mock_http_panel": {}
            },
            {
                "vsync_dropdown@settings_common.option_dropdown": {
                    "$option_label": "options.vsync",
                    "$dropdown_content": "general_section.vysnc_dropdown_content",
                    "$dropdown_area": "content_area",
                    "$dropdown_name": "vsync_dropdown",
                    "$options_dropdown_toggle_label_binding": "#vsync_dropdown_toggle_label",
                    "$option_enabled_binding_name": "#vsync_dropdown_enabled",
                    "$dropdown_scroll_content_size": [
                        "100%",
                        "200%"
                    ]
                }
            },
            {
                "option_dropdown_1@settings_common.option_dropdown": {
                    "$option_label": "options.dev_realmsEnvironment",
                    "$dropdown_content": "general_section.dev_realms_environment_dropdown_content",
                    "$dropdown_area": "content_area",
                    "$dropdown_name": "dev_realms_environment_dropdown",
                    "$options_dropdown_toggle_label_binding": "#dev_realms_environment_dropdown_toggle_label",
                    "$option_enabled_binding_name": "#dev_realms_environment_dropdown_enabled",
                    "$dropdown_scroll_content_size": [
                        "100%",
                        "200%"
                    ]
                }
            },
            {
                "option_dropdown_2@settings_common.option_dropdown": {
                    "$option_label": "options.dev_realmsSku",
                    "$dropdown_content": "general_section.dev_realms_sku_dropdown_content",
                    "$dropdown_area": "content_area",
                    "$dropdown_name": "dev_realms_sku_dropdown",
                    "$options_dropdown_toggle_label_binding": "#dev_realms_sku_dropdown_toggle_label",
                    "$option_enabled_binding_name": "#dev_realms_sku_dropdown_enabled",
                    "$dropdown_scroll_content_size": [
                        "100%",
                        "200%"
                    ]
                }
            },
            {
                "realms_stories_toggle@settings_common.option_toggle": {
                    "$option_label": "options.dev_realms_stories",
                    "$option_binding_name": "#dev_realms_stories",
                    "$toggle_name": "dev_realms_stories"
                }
            },
            {
                "education_env_dropdown@settings_common.option_dropdown": {
                    "ignored": "(not $education_edition) or $creator_build",
                    "$option_label": "options.dev_education_services_environment",
                    "$dropdown_content": "general_section.dev_education_environment_dropdown_content",
                    "$dropdown_area": "content_area",
                    "$dropdown_name": "dev_education_env_dropdown",
                    "$options_dropdown_toggle_label_binding": "#dev_education_env_dropdown_toggle_label",
                    "$option_enabled_binding_name": "#dev_education_env_dropdown_enabled",
                    "$dropdown_scroll_content_size": [
                        "100%",
                        "200%"
                    ]
                }
            },
            {
                "azurenotebooks_env_dropdown@settings_common.option_dropdown": {
                    "ignored": "(not $education_edition) or $creator_build",
                    "$option_label": "options.dev_azure_notebooks_environment",
                    "$dropdown_content": "general_section.dev_azure_notebooks_environment_dropdown_content",
                    "$dropdown_area": "content_area",
                    "$dropdown_name": "dev_azurenotebooks_env_dropdown",
                    "$options_dropdown_toggle_label_binding": "#dev_azurenotebooks_env_dropdown_toggle_label",
                    "$option_enabled_binding_name": "#dev_azurenotebooks_env_dropdown_enabled",
                    "$dropdown_scroll_content_size": [
                        "100%",
                        "200%"
                    ]
                }
            },
            {
                "sunsetting_use_overrides_toggle@settings_common.option_toggle": {
                    "$option_label": "options.dev_sunset_overrides",
                    "$option_binding_name": "#dev_use_sunset_overrides",
                    "$option_enabled_binding_name": "#dev_use_sunset_overrides_enabled",
                    "$toggle_name": "dev_use_sunset_overrides",
                    "$dropdown_scroll_content_size": [
                        "100%",
                        "150%"
                    ]
                }
            },
            {
                "padding_sunsetting": {
                    "type": "panel",
                    "size": [
                        "100%",
                        3
                    ],
                    "bindings": [
                        {
                            "binding_name": "#sunsetting_override_enabled",
                            "binding_name_override": "#visible"
                        }
                    ]
                }
            },
            {
                "sunseting_state_toggle@settings_common.option_toggle": {
                    "$option_label": "options.dev_sunset_state",
                    "$option_binding_name": "#dev_sunset_state",
                    "$option_enabled_binding_name": "#dev_sunset_state_enabled",
                    "$toggle_name": "dev_sunset_state",
                    "bindings": [
                        {
                            "binding_name": "#sunsetting_override_enabled",
                            "binding_name_override": "#visible"
                        }
                    ]
                }
            },
            {
                "sunsetting_tier_dropdown@settings_common.option_dropdown": {
                    "$option_label": "options.dev_sunsetting_tier",
                    "$dropdown_content": "general_section.dev_sunsetting_tier_dropdown_content",
                    "$dropdown_area": "content_area",
                    "$dropdown_name": "dev_sunsetting_tier_dropdown",
                    "$options_dropdown_toggle_label_binding": "#dev_sunsetting_tier_dropdown_toggle_label",
                    "$option_enabled_binding_name": "#dev_sunsetting_tier_dropdown_enabled",
                    "bindings": [
                        {
                            "binding_name": "#sunsetting_override_enabled",
                            "binding_name_override": "#visible"
                        }
                    ]
                }
            },
            {
                "padding_sunsetting_2": {
                    "type": "panel",
                    "size": [
                        "100%",
                        3
                    ],
                    "bindings": [
                        {
                            "binding_name": "#sunsetting_override_enabled",
                            "binding_name_override": "#visible"
                        }
                    ]
                }
            },
            {
                "gathering_override@settings_common.option_text_edit": {
                    "$option_label": "options.dev.gathering_config_id_override",
                    "$option_binding_name": "#gathering_config_id_override_text_box",
                    "$option_enabled_binding_name": "#gathering_config_id_override_text_box_enabled",
                    "$max_text_edit_length": 40,
                    "$text_box_name": "gathering_config_id_override_text_box"
                }
            },
            {
                "padding1": {
                    "type": "panel",
                    "size": [
                        "100%",
                        3
                    ]
                }
            },
            {
                "copy_internal_settings_folder_to_external@settings_common.action_button": {
                    "visible": "($copy_interal_storage_button_enabled)",
                    "$pressed_button_name": "button.port_internal_files",
                    "$button_text": "options.dev_folders_portSettingsFolder"
                }
            },
            {
                "padding_reset_day_one": {
                    "type": "panel",
                    "size": [
                        "100%",
                        3
                    ]
                }
            },
            {
                "reset_day_one_experience@settings_common.action_button": {
                    "$pressed_button_name": "button.reset_day_one_experience",
                    "$button_text": "options.dev_reset_day_one_experience"
                }
            },
            {
                "option_text_edit_0@settings_common.option_text_edit": {
                    "$option_label": "options.dev_realmsEndpoint",
                    "$text_box_name": "dev_realms_endpoint",
                    "$option_binding_name": "#dev_realms_endpoint",
                    "$option_enabled_binding_name": "#dev_realms_endpoint_enabled",
                    "$max_text_edit_length": 50,
                    "bindings": [
                        {
                            "binding_name": "#dev_realms_environment_radio_local",
                            "binding_name_override": "#visible"
                        }
                    ]
                }
            },
            {
                "option_text_edit_1@settings_common.option_text_edit": {
                    "$option_label": "options.dev_realmsEndpointPayment",
                    "$text_box_name": "dev_realms_endpoint_payment",
                    "$option_binding_name": "#dev_realms_endpoint_payment",
                    "$option_enabled_binding_name": "#dev_realms_endpoint_payment_enabled",
                    "$max_text_edit_length": 50,
                    "bindings": [
                        {
                            "binding_name": "#dev_realms_environment_radio_local",
                            "binding_name_override": "#visible"
                        }
                    ]
                }
            },
            {
                "option_text_edit_2@settings_common.option_text_edit": {
                    "$option_label": "options.dev_realmsRelyingParty",
                    "$text_box_name": "dev_realms_relying_party",
                    "$option_binding_name": "#dev_realms_relying_party",
                    "$option_enabled_binding_name": "#dev_realms_relying_party_enabled",
                    "$max_text_edit_length": 50,
                    "bindings": [
                        {
                            "binding_name": "#dev_realms_environment_radio_local",
                            "binding_name_override": "#visible"
                        }
                    ]
                }
            },
            {
                "option_text_edit_3@settings_common.option_text_edit": {
                    "$option_label": "options.dev_realmsRelyingPartyPayment",
                    "$text_box_name": "dev_realms_relying_party_payment",
                    "$option_binding_name": "#dev_realms_relying_party_payment",
                    "$option_enabled_binding_name": "#dev_realms_relying_party_payment_enabled",
                    "$max_text_edit_length": 50,
                    "bindings": [
                        {
                            "binding_name": "#dev_realms_environment_radio_local",
                            "binding_name_override": "#visible"
                        }
                    ]
                }
            },
            {
                "reset_online_safety_option@settings_common.action_button": {
                    "$pressed_button_name": "button.dev_reset_online_safety_option",
                    "$button_text": "Reset Online Safety Dialog Option"
                }
            },
            {
                "reset_cloud_upload_option@settings_common.action_button": {
                    "$pressed_button_name": "button.dev_reset_cloud_upload_option",
                    "$button_text": "Reset Cloud Upload Dialog Option"
                }
            },
            {
                "padding_graphics_buttons": {
                    "type": "panel",
                    "size": [
                        "100%",
                        3
                    ]
                }
            },
            {
                "trigger_graphics_device_loss@settings_common.action_button": {
                    "$pressed_button_name": "button.dev_trigger_graphics_device_loss",
                    "$button_text": "Trigger Graphics Device Loss"
                }
            }
        ]
    },
    "language_button@settings_common.section_toggle_base": {
        "$toggle_view_binding_name": "language_button_toggle",
        "$glyph_texture": "textures/ui/language_glyph",
        "$glyph_color_texture": "textures/ui/language_glyph_color",
        "$glyph_size": [
            25,
            13
        ],
        "$button_text": "options.language",
        "$toggle_property_bag": {
            "#panel_title": "options.language"
        }
    },
    "language_grid_item@settings_common.radio_with_label": {
        "$toggle_state_binding_name": "#language_initial_selected",
        "$radio_label_text": "#language_description",
        "$radio_label_bindings": [
            {
                "binding_name": "#language_description",
                "binding_type": "collection",
                "binding_condition": "once",
                "binding_collection_name": "languages"
            }
        ],
        "$radio_toggle_group": true,
        "$toggle_binding_type": "collection",
        "$toggle_name": "languages",
        "$toggle_grid_collection_name": "languages",
        "$option_enabled_binding_name": "",
        "bindings": [
            {
                "binding_name": "#default_focus_precedence",
                "binding_type": "collection",
                "binding_condition": "visible",
                "binding_collection_name": "languages"
            }
        ]
    },
    "language_section": {
        "type": "stack_panel",
        "$default_text_color": [
            0.3,
            0.3,
            0.3
        ],
        "$active_text_color": [
            1.0,
            1.0,
            1.0
        ],
        "bindings": [
            {
                "binding_type": "view",
                "source_control_name": "language_button_toggle",
                "source_property_name": "#toggle_state",
                "target_property_name": "#visible"
            }
        ],
        "controls": [
            {
                "language_list_grid": {
                    "type": "grid",
                    "size": [
                        "100%",
                        "100%c"
                    ],
                    "grid_item_template": "general_section.language_grid_item",
                    "grid_dimension_binding": "#language_grid_dimension",
                    "collection_name": "languages",
                    "bindings": [
                        {
                            "binding_name": "#language_grid_dimension",
                            "binding_condition": "visible"
                        }
                    ]
                }
            }
        ]
    }
}